Drug1,Drug2,Severity,Type,Mechanism,Clinical Effect,Recommendation,Monitoring,Dose Dependence,Alternative,Reference
Lithium,ACE inhibitors,Major,Pharmacokinetic,ACE inhibitors may reduce lithium clearance,Increased lithium concentration and toxicity,Monitor lithium concentration and renal function,Serum lithium and renal function,Yes,Consider alternative antihypertensive,Lithium prescribing information
Metformin,Alcohol,Major,Pharmacodynamic,Alcohol may increase risk of lactic acidosis and impair glucose control,Lactic acidosis and metabolic complications,Avoid excessive alcohol intake,Clinical status and glucose,Yes,Limit alcohol exposure,Metformin prescribing information
Metronidazole,Alcohol,Contraindicated,Pharmacodynamic,Disulfiram-like reaction,Flushing nausea vomiting and headache,Avoid alcohol during treatment and for recommended period after therapy,Drug labeling,Context dependent,Review therapy and consider a suitable alternative when appropriate,FDA/approved product labeling; standard clinical pharmacology references
Warfarin,Allopurinol,Moderate,Pharmacokinetic,May alter anticoagulant response,Possible increased anticoagulant effect,Monitor INR after initiation,Drug labeling / Goodman & Gilman's,Context dependent,Review therapy and consider a suitable alternative when appropriate,FDA/approved product labeling; standard clinical pharmacology references
Sildenafil,Alpha blockers,Major,Pharmacodynamic,Additive vasodilatory effects,Hypotension and dizziness,Use only with appropriate dose separation and clinical monitoring,Blood pressure,Yes,Individualize therapy,Sildenafil prescribing information
Digoxin,Amiodarone,Major,Pharmacokinetic,Reduced digoxin clearance,Increased digoxin concentration and toxicity,Reduce/adjust digoxin as clinically appropriate and monitor,Digoxin level and ECG,Yes,Specialist-guided alternative or dose adjustment,Digoxin prescribing information
Nitroglycerin,Amlodipine,Moderate,Pharmacodynamic,Additive vasodilatory effects,Hypotension and dizziness,Monitor blood pressure,Drug labeling,Context dependent,Review therapy and consider a suitable alternative when appropriate,FDA/approved product labeling; standard clinical pharmacology references
Sildenafil,Amlodipine,Moderate,Pharmacodynamic,Additive vasodilatory effects,Additional blood pressure reduction,Monitor blood pressure and symptoms,Drug labeling,Context dependent,Review therapy and consider a suitable alternative when appropriate,FDA/approved product labeling; standard clinical pharmacology references
Amlodipine,Simvastatin,Moderate,Pharmacokinetic,Amlodipine increases simvastatin exposure,Increased myopathy risk,Limit simvastatin dose according to labeling,Muscle symptoms,Yes,Consider alternative statin,Simvastatin prescribing information
Methotrexate,Amoxicillin,Moderate,Pharmacokinetic,Penicillin antibiotics may reduce methotrexate renal clearance,Potential methotrexate toxicity,Monitor when combination is necessary,Drug labeling,Context dependent,Review therapy and consider a suitable alternative when appropriate,FDA/approved product labeling; standard clinical pharmacology references
Warfarin,Amoxicillin + Clavulanic Acid,Moderate,Pharmacodynamic,Antibiotic-associated alteration of anticoagulant response,Possible INR elevation and bleeding,Monitor INR during treatment,Drug labeling / Goodman & Gilman's,Context dependent,Review therapy and consider a suitable alternative when appropriate,FDA/approved product labeling; standard clinical pharmacology references
Ciprofloxacin,Antacids,Major,Pharmacokinetic,Multivalent cations bind ciprofloxacin,Reduced antibiotic absorption,Separate administration according to product instructions,Clinical response,Yes,Use alternative administration schedule,Ciprofloxacin prescribing information
Levofloxacin,Antacids,Major,Pharmacokinetic,Chelation reduces gastrointestinal absorption,Reduced antibiotic efficacy,Separate administration,Drug labeling,Context dependent,Review therapy and consider a suitable alternative when appropriate,FDA/approved product labeling; standard clinical pharmacology references
Apixaban,Aspirin,Major,Pharmacodynamic,Additive anticoagulant and antiplatelet effects,Increased bleeding risk,Avoid unnecessary combination and monitor bleeding,Drug labeling,Context dependent,Review therapy and consider a suitable alternative when appropriate,FDA/approved product labeling; standard clinical pharmacology references
Apixaban,Clarithromycin,Major,Pharmacokinetic,Strong CYP3A4 and P-gp inhibition may increase apixaban exposure,Increased bleeding risk,Follow product-specific dosing recommendations and monitor,Drug labeling,Context dependent,Review therapy and consider a suitable alternative when appropriate,FDA/approved product labeling; standard clinical pharmacology references
Apixaban,Clopidogrel,Major,Pharmacodynamic,Additive antithrombotic effects,Increased bleeding risk,Use only when clinically indicated and monitor,Drug labeling,Context dependent,Review therapy and consider a suitable alternative when appropriate,FDA/approved product labeling; standard clinical pharmacology references
Apixaban,Fluconazole,Moderate,Pharmacokinetic,May increase factor Xa inhibitor exposure,Increased bleeding risk,Assess bleeding risk and concomitant therapy,Drug labeling,Context dependent,Review therapy and consider a suitable alternative when appropriate,FDA/approved product labeling; standard clinical pharmacology references
Apixaban,Ibuprofen,Major,Pharmacodynamic,NSAID platelet and GI effects with factor Xa inhibition,Increased bleeding risk,Avoid routine NSAID use,Drug labeling,Context dependent,Review therapy and consider a suitable alternative when appropriate,FDA/approved product labeling; standard clinical pharmacology references
Clopidogrel,Aspirin,Major,Pharmacodynamic,Additive platelet inhibition,Increased bleeding risk,Use only when dual antiplatelet therapy is indicated,Drug labeling,Context dependent,Review therapy and consider a suitable alternative when appropriate,FDA/approved product labeling; standard clinical pharmacology references
Dabigatran,Aspirin,Major,Pharmacodynamic,Additive antithrombotic effects,Increased bleeding risk,Use only when indicated and monitor,Drug labeling,Context dependent,Review therapy and consider a suitable alternative when appropriate,FDA/approved product labeling; standard clinical pharmacology references
Aspirin,Diclofenac,Moderate,Pharmacodynamic,Additive platelet and GI effects,Increased bleeding risk,Avoid unnecessary combination,Drug labeling,Context dependent,Review therapy and consider a suitable alternative when appropriate,FDA/approved product labeling; standard clinical pharmacology references
Aspirin,Ibuprofen,Moderate,Pharmacodynamic,Additive GI and antiplatelet effects,Increased GI bleeding risk and possible interference with aspirin antiplatelet effect,Avoid unnecessary combination and use lowest effective NSAID exposure,Drug labeling,Context dependent,Review therapy and consider a suitable alternative when appropriate,FDA/approved product labeling; standard clinical pharmacology references
Aspirin,Methotrexate,Major,Pharmacokinetic/Pharmacodynamic,NSAID/salicylate effects may reduce methotrexate clearance and increase toxicity,Myelosuppression mucositis and renal toxicity risk,Use cautiously and monitor according to methotrexate dose,Drug labeling,Context dependent,Review therapy and consider a suitable alternative when appropriate,FDA/approved product labeling; standard clinical pharmacology references
Aspirin,Naproxen,Moderate,Pharmacodynamic,Additive platelet and GI effects,Increased bleeding risk,Avoid unnecessary combination,Drug labeling,Context dependent,Review therapy and consider a suitable alternative when appropriate,FDA/approved product labeling; standard clinical pharmacology references
Rivaroxaban,Aspirin,Major,Pharmacodynamic,Additive antithrombotic effects,Increased bleeding risk,Use only when indicated and monitor,Drug labeling,Context dependent,Review therapy and consider a suitable alternative when appropriate,FDA/approved product labeling; standard clinical pharmacology references
Warfarin,Aspirin,Major,Pharmacodynamic,Additive anticoagulant and antiplatelet effects,Increased bleeding risk,Avoid routine combination unless specifically indicated,INR and bleeding signs,Yes,Use alternative analgesic when appropriate,Warfarin prescribing information
Atorvastatin,Clarithromycin,Major,Pharmacokinetic,CYP3A4 inhibition increases atorvastatin exposure,Myopathy and rhabdomyolysis risk,Avoid or use dose limitation according to product labeling,Muscle symptoms and CK when indicated,Yes,Consider rosuvastatin or alternative antibiotic,Atorvastatin prescribing information
Azithromycin,Digoxin,Moderate,Pharmacokinetic,May increase digoxin exposure in some patients,Digoxin toxicity,Monitor digoxin concentration and clinical status,Digoxin level and ECG,Yes,Consider alternative antibiotic,Digoxin prescribing information
Warfarin,Azithromycin,Moderate,Pharmacokinetic,May alter anticoagulant response,Increased INR and bleeding risk,Monitor INR during and after therapy,INR and bleeding signs,Yes,Select antibiotic based on infection and interaction profile,Warfarin prescribing information
Ciprofloxacin,Calcium,Moderate,Pharmacokinetic,Calcium can chelate ciprofloxacin in the gastrointestinal tract,Reduced ciprofloxacin absorption,Separate administration according to product instructions,Clinical response,Yes,Use appropriate timing or alternative antibiotic,Ciprofloxacin prescribing information
Doxycycline,Calcium,Moderate,Pharmacokinetic,Chelation reduces gastrointestinal absorption,Reduced antibiotic exposure and efficacy,Separate administration by several hours,Drug labeling,Context dependent,Review therapy and consider a suitable alternative when appropriate,FDA/approved product labeling; standard clinical pharmacology references
Levofloxacin,Calcium,Moderate,Pharmacokinetic,Chelation reduces gastrointestinal absorption,Reduced fluoroquinolone exposure,Separate administration according to product instructions,Drug labeling,Context dependent,Review therapy and consider a suitable alternative when appropriate,FDA/approved product labeling; standard clinical pharmacology references
Warfarin,Cephalexin,Moderate,Pharmacodynamic,Antibiotic therapy may alter anticoagulant response,Possible INR elevation,Monitor INR when clinically appropriate,Drug labeling / Goodman & Gilman's,Context dependent,Review therapy and consider a suitable alternative when appropriate,FDA/approved product labeling; standard clinical pharmacology references
Metformin,Cimetidine,Moderate,Pharmacokinetic,Reduced renal tubular secretion may increase metformin exposure,Increased metformin concentration and adverse effects,Consider alternative or monitor closely,Renal function and clinical status,Yes,Use alternative acid-suppressing therapy when appropriate,Metformin prescribing information
Ciprofloxacin,Theophylline,Major,Pharmacokinetic,Reduced theophylline clearance,Theophylline toxicity,Avoid or monitor theophylline closely,Theophylline concentration and adverse effects,Yes,Consider alternative antibiotic,Ciprofloxacin prescribing information
Ciprofloxacin,Warfarin,Moderate,Pharmacokinetic,May enhance anticoagulant effect,Increased INR and bleeding risk,Monitor INR closely,INR,Yes,Choose alternative antibiotic when appropriate,Warfarin prescribing information
Dabigatran,Clarithromycin,Major,Pharmacokinetic,P-gp inhibition increases dabigatran exposure,Increased bleeding risk,Assess renal function and interaction risk,Drug labeling,Context dependent,Review therapy and consider a suitable alternative when appropriate,FDA/approved product labeling; standard clinical pharmacology references
Digoxin,Clarithromycin,Major,Pharmacokinetic,May increase digoxin exposure,Digoxin toxicity,Monitor digoxin concentration and clinical status,Digoxin level and ECG,Yes,Consider alternative antibiotic,Digoxin prescribing information
Clarithromycin,Midazolam,Major,Pharmacokinetic,CYP3A4 inhibition increases midazolam exposure,Prolonged and excessive sedation,Use alternative or carefully monitor,Drug labeling,Context dependent,Review therapy and consider a suitable alternative when appropriate,FDA/approved product labeling; standard clinical pharmacology references
Rivaroxaban,Clarithromycin,Major,Pharmacokinetic,Strong CYP3A4 and P-gp inhibition increases rivaroxaban exposure,Increased bleeding risk,Avoid or follow product-specific recommendations,Drug labeling,Context dependent,Review therapy and consider a suitable alternative when appropriate,FDA/approved product labeling; standard clinical pharmacology references
Simvastatin,Clarithromycin,Major,Pharmacokinetic,CYP3A4 inhibition increases simvastatin exposure,Myopathy and rhabdomyolysis risk,Contraindicated/avoid combination according to labeling,Muscle symptoms and CK when indicated,Yes,Use non-interacting statin or antibiotic,Simvastatin prescribing information
Theophylline,Clarithromycin,Major,Pharmacokinetic,Reduced theophylline clearance,Increased theophylline exposure and toxicity,Monitor theophylline concentration and adverse effects,Drug labeling,Context dependent,Review therapy and consider a suitable alternative when appropriate,FDA/approved product labeling; standard clinical pharmacology references
Warfarin,Clarithromycin,Major,Pharmacokinetic,Can increase anticoagulant effect,Increased INR and bleeding risk,Monitor closely or avoid when appropriate,INR and bleeding signs,Yes,Choose suitable alternative antibiotic,Warfarin prescribing information
Clopidogrel,Ibuprofen,Moderate,Pharmacodynamic,Additive platelet and GI effects,Increased bleeding risk,Avoid unnecessary NSAID use,Drug labeling,Context dependent,Review therapy and consider a suitable alternative when appropriate,FDA/approved product labeling; standard clinical pharmacology references
Clopidogrel,Omeprazole,Moderate,Pharmacokinetic,Omeprazole inhibits CYP2C19 needed for clopidogrel activation,Potential reduction in antiplatelet effect,Avoid routine combination when alternatives are available,Clinical cardiovascular status,Yes,Consider pantoprazole when clinically appropriate,Clopidogrel prescribing information
Clopidogrel,Pantoprazole,Minor,Pharmacokinetic,Less clinically significant CYP2C19 inhibition than omeprazole,Lower expected interaction potential,Generally preferred PPI when PPI therapy is required,Clinical response,No clinically important dose interaction expected,Continue if appropriate,Clopidogrel prescribing information
Rivaroxaban,Clopidogrel,Major,Pharmacodynamic,Additive antiplatelet and anticoagulant effects,Increased bleeding risk,Use only when clinically indicated,Drug labeling,Context dependent,Review therapy and consider a suitable alternative when appropriate,FDA/approved product labeling; standard clinical pharmacology references
Warfarin,Clopidogrel,Major,Pharmacodynamic,Additive antithrombotic effects,Increased bleeding risk,Avoid unless combination is clinically necessary,INR and bleeding signs,Yes,Review antithrombotic strategy,Warfarin prescribing information
Dabigatran,Ibuprofen,Major,Pharmacodynamic,NSAID effects combined with anticoagulation,Increased bleeding risk,Avoid routine NSAID use,Drug labeling,Context dependent,Review therapy and consider a suitable alternative when appropriate,FDA/approved product labeling; standard clinical pharmacology references
Dexamethasone,Warfarin,Moderate,Pharmacodynamic,May alter anticoagulant response,Changes in INR,Monitor INR closely when initiating or stopping,Drug labeling,Context dependent,Review therapy and consider a suitable alternative when appropriate,FDA/approved product labeling; standard clinical pharmacology references
Lithium,Diclofenac,Major,Pharmacokinetic,NSAID-related reduction in renal lithium clearance,Increased lithium toxicity risk,Monitor lithium and renal function,Drug labeling,Context dependent,Review therapy and consider a suitable alternative when appropriate,FDA/approved product labeling; standard clinical pharmacology references
Warfarin,Diclofenac,Major,Pharmacodynamic,NSAID effects combined with anticoagulation,Increased GI and systemic bleeding risk,Avoid combination when possible,Drug labeling / Goodman & Gilman's,Context dependent,Review therapy and consider a suitable alternative when appropriate,FDA/approved product labeling; standard clinical pharmacology references
Digoxin,Furosemide,Moderate,Pharmacodynamic,Diuretic-induced electrolyte disturbances can increase digoxin toxicity,Arrhythmias and digoxin toxicity,"Monitor potassium, magnesium and digoxin status",Electrolytes and ECG,Yes,Correct electrolyte abnormalities,Digoxin prescribing information
Digoxin,Spironolactone,Moderate,Pharmacokinetic,May alter digoxin clearance and measurement,Altered digoxin exposure and toxicity risk,Monitor digoxin concentration and clinical response,Digoxin level and renal function,Yes,Individualize therapy,Digoxin prescribing information
Digoxin,Verapamil,Major,Pharmacokinetic,Reduced digoxin clearance and altered distribution,Increased digoxin concentration and toxicity,Monitor digoxin concentration and clinical response,Digoxin level and ECG,Yes,Adjust digoxin or select alternative when appropriate,Digoxin prescribing information
Warfarin,Fluconazole,Major,Pharmacokinetic,Inhibition of warfarin metabolism,Increased anticoagulant effect and bleeding risk,Avoid or use intensive INR monitoring,INR,Yes,Use alternative antifungal when appropriate,Warfarin prescribing information
Ibuprofen,Furosemide,Moderate,Pharmacodynamic,NSAID reduces renal prostaglandin synthesis,Reduced diuretic effect and fluid retention,Monitor BP weight and renal function,BP and renal function,Yes,Consider non-NSAID analgesic,Loop diuretic prescribing information
Lithium,Furosemide,Moderate,Pharmacokinetic,Changes in renal sodium handling can alter lithium clearance,Lithium toxicity risk,Monitor lithium and renal function after changes,Serum lithium and renal function,Yes,Individualize diuretic therapy,Lithium prescribing information
Insulin,Glimepiride,Major,Pharmacodynamic,Additive glucose-lowering effects,Severe hypoglycemia,Monitor glucose closely and adjust doses as needed,Blood glucose and hypoglycemia symptoms,Yes,Individualize antidiabetic regimen,Antidiabetic prescribing information
Metformin,Glimepiride,Moderate,Pharmacodynamic,Additive glucose-lowering effects,Hypoglycemia risk,Monitor glucose and adjust sulfonylurea as needed,Blood glucose,Yes,Individualize therapy,Metformin prescribing information
Glimepiride,Sitagliptin,Moderate,Pharmacodynamic,Additive glucose-lowering effects,Hypoglycemia risk,Monitor blood glucose,Drug labeling,Context dependent,Review therapy and consider a suitable alternative when appropriate,FDA/approved product labeling; standard clinical pharmacology references
Glimepiride,Vildagliptin,Moderate,Pharmacodynamic,Additive glucose-lowering effects,Hypoglycemia risk,Monitor blood glucose,Drug labeling,Context dependent,Review therapy and consider a suitable alternative when appropriate,FDA/approved product labeling; standard clinical pharmacology references
Hydrochlorothiazide,Ibuprofen,Moderate,Pharmacodynamic,NSAID may reduce diuretic and antihypertensive effects,Reduced BP control and renal impairment risk,Monitor BP and renal function,Drug labeling,Context dependent,Review therapy and consider a suitable alternative when appropriate,FDA/approved product labeling; standard clinical pharmacology references
Lithium,Hydrochlorothiazide,Major,Pharmacokinetic,Thiazide reduces renal lithium clearance,Increased lithium concentration and toxicity,Monitor lithium closely and adjust dose when initiating or stopping,Serum lithium and renal function,Yes,Consider alternative diuretic strategy,Lithium prescribing information
Ibuprofen,Lisinopril,Moderate,Pharmacodynamic,NSAID reduces renal prostaglandins and may blunt antihypertensive effect,Reduced blood-pressure control and renal impairment risk,Avoid prolonged NSAID use when possible; monitor BP and renal function,BP and renal function,Yes,Consider non-NSAID analgesic,ACE inhibitor prescribing information
Ibuprofen,Lithium,Major,Pharmacokinetic,NSAIDs can reduce renal lithium clearance,Increased lithium concentration and toxicity,Avoid when possible or monitor lithium closely,Lithium level and renal function,Yes,Consider non-NSAID analgesic,Lithium prescribing information
Ibuprofen,Losartan,Moderate,Pharmacodynamic,NSAID may reduce antihypertensive effect and renal perfusion,Reduced BP control and renal impairment risk,Use cautiously and monitor BP and renal function,BP and renal function,Yes,Consider alternative analgesic,ARB prescribing information
Ibuprofen,Methotrexate,Major,Pharmacokinetic,NSAIDs may reduce methotrexate renal clearance,Increased methotrexate toxicity,Combination requires indication-specific specialist monitoring,CBC and renal function,Yes,Consider alternative analgesic,Methotrexate prescribing information
Paracetamol,Ibuprofen,Minor,Pharmacodynamic,Different analgesic mechanisms,Additional analgesic effect,Combination may be used when clinically appropriate within recommended doses,Total daily doses and adverse effects,Yes,Use recommended doses and avoid duplicate analgesics,Product labeling
Prednisolone,Ibuprofen,Moderate,Pharmacodynamic,Combined GI mucosal injury,Increased GI ulceration and bleeding risk,Use cautiously and monitor GI symptoms,Drug labeling,Context dependent,Review therapy and consider a suitable alternative when appropriate,FDA/approved product labeling; standard clinical pharmacology references
Ibuprofen,Ramipril,Moderate,Pharmacodynamic,NSAID may reduce ACE-inhibitor effect and renal perfusion,Reduced antihypertensive effect and renal impairment risk,Monitor BP and renal function,BP and renal function,Yes,Consider alternative analgesic,ACE inhibitor prescribing information
Rivaroxaban,Ibuprofen,Major,Pharmacodynamic,NSAID effects combined with anticoagulation,Increased bleeding risk,Avoid routine NSAID use,Drug labeling,Context dependent,Review therapy and consider a suitable alternative when appropriate,FDA/approved product labeling; standard clinical pharmacology references
Ibuprofen,Spironolactone,Moderate,Pharmacodynamic,NSAID may reduce renal perfusion and diuretic response,Renal impairment and potassium abnormalities,Use cautiously and monitor renal function and potassium,Renal function and potassium,Yes,Consider alternative analgesic,Spironolactone prescribing information
Warfarin,Ibuprofen,Major,Pharmacodynamic,NSAID-related platelet and gastrointestinal effects added to anticoagulation,Increased gastrointestinal bleeding risk,Avoid routine NSAID use,INR and bleeding signs,Yes,Consider non-NSAID analgesic,Warfarin prescribing information
Linezolid,Insulin,Moderate,Pharmacodynamic,Linezolid may alter glucose regulation in patients receiving antidiabetic therapy,Hypoglycemia risk,Monitor blood glucose closely,Drug labeling,Context dependent,Review therapy and consider a suitable alternative when appropriate,FDA/approved product labeling; standard clinical pharmacology references
Metformin,Insulin,Moderate,Pharmacodynamic,Additive glucose-lowering effects,Hypoglycemia risk,Monitor blood glucose and adjust therapy if required,Blood glucose,Yes,Individualize antidiabetic regimen,Metformin prescribing information
Insulin,Sitagliptin,Moderate,Pharmacodynamic,Additive glucose-lowering effects,Hypoglycemia risk,Monitor glucose and consider insulin dose adjustment,Drug labeling,Context dependent,Review therapy and consider a suitable alternative when appropriate,FDA/approved product labeling; standard clinical pharmacology references
Insulin,Vildagliptin,Moderate,Pharmacodynamic,Additive glucose-lowering effects,Hypoglycemia risk,Monitor glucose and adjust therapy,Drug labeling,Context dependent,Review therapy and consider a suitable alternative when appropriate,FDA/approved product labeling; standard clinical pharmacology references
Linezolid,Serotonergic Drugs,Major,Pharmacodynamic,Monoamine oxidase inhibition can increase serotonergic activity,Serotonin syndrome risk,Review serotonergic therapy and monitor closely,Drug labeling,Context dependent,Review therapy and consider a suitable alternative when appropriate,FDA/approved product labeling; standard clinical pharmacology references
Lithium,Lisinopril,Major,Pharmacokinetic,ACE inhibition may reduce renal lithium clearance,Increased lithium concentration and toxicity,Monitor lithium closely after ACE inhibitor changes,Drug labeling / Goodman & Gilman's,Context dependent,Review therapy and consider a suitable alternative when appropriate,FDA/approved product labeling; standard clinical pharmacology references
Lisinopril,Losartan,Major,Pharmacodynamic,Dual renin-angiotensin system blockade,Hyperkalemia hypotension and renal dysfunction,Avoid routine combination,Drug labeling,Context dependent,Review therapy and consider a suitable alternative when appropriate,FDA/approved product labeling; standard clinical pharmacology references
Lisinopril,Spironolactone,Major,Pharmacodynamic,Additive potassium-retaining effects,Hyperkalemia,Monitor potassium and renal function,Drug labeling,Context dependent,Review therapy and consider a suitable alternative when appropriate,FDA/approved product labeling; standard clinical pharmacology references
Trimethoprim-sulfamethoxazole,Lisinopril,Major,Pharmacodynamic,Trimethoprim plus ACE inhibition increases potassium,Hyperkalemia and possible sudden deterioration,Monitor potassium and renal function,Drug labeling,Context dependent,Review therapy and consider a suitable alternative when appropriate,FDA/approved product labeling; standard clinical pharmacology references
Lithium,Losartan,Major,Pharmacokinetic,ARB therapy may increase lithium exposure,Increased lithium toxicity risk,Monitor lithium concentration and renal function,Drug labeling,Context dependent,Review therapy and consider a suitable alternative when appropriate,FDA/approved product labeling; standard clinical pharmacology references
Metronidazole,Lithium,Major,Pharmacokinetic,May reduce lithium clearance,Increased lithium concentration and toxicity,Monitor lithium closely,Drug labeling,Context dependent,Review therapy and consider a suitable alternative when appropriate,FDA/approved product labeling; standard clinical pharmacology references
Lithium,Naproxen,Major,Pharmacokinetic,NSAID-related reduction in lithium clearance,Increased lithium concentration,Monitor lithium concentration closely,Drug labeling,Context dependent,Review therapy and consider a suitable alternative when appropriate,FDA/approved product labeling; standard clinical pharmacology references
Lithium,NSAIDs,Major,Pharmacokinetic,NSAIDs may reduce renal lithium clearance,Increased lithium concentration and toxicity,Avoid routine use or monitor lithium closely,Serum lithium and renal function,Yes,Use non-NSAID analgesic,Lithium prescribing information
Lithium,Ramipril,Major,Pharmacokinetic,ACE inhibition may reduce lithium clearance,Increased lithium concentration and toxicity,Monitor lithium and renal function,Drug labeling,Context dependent,Review therapy and consider a suitable alternative when appropriate,FDA/approved product labeling; standard clinical pharmacology references
Ramipril,Losartan,Major,Pharmacodynamic,Dual renin-angiotensin system blockade,Hyperkalemia hypotension and renal dysfunction,Avoid routine combination,Drug labeling,Context dependent,Review therapy and consider a suitable alternative when appropriate,FDA/approved product labeling; standard clinical pharmacology references
Losartan,Spironolactone,Major,Pharmacodynamic,Additive potassium-retaining effects,Hyperkalemia and renal impairment risk,Monitor potassium and renal function closely,Potassium and renal function,Yes,Individualize therapy,Spironolactone prescribing information
Trimethoprim-sulfamethoxazole,Losartan,Major,Pharmacodynamic,Trimethoprim plus ARB increases potassium,Hyperkalemia risk,Monitor potassium and renal function,Drug labeling,Context dependent,Review therapy and consider a suitable alternative when appropriate,FDA/approved product labeling; standard clinical pharmacology references
Metformin,Sitagliptin,Minor,Pharmacodynamic,Complementary glucose-lowering mechanisms,Additional glucose lowering,Generally used together when clinically appropriate,Blood glucose and renal function,Yes,Individualize therapy,Antidiabetic prescribing information
Metformin,Vildagliptin,Minor,Pharmacodynamic,Complementary glucose-lowering mechanisms,Additional glucose lowering,Use according to indication and product labeling,Blood glucose and clinical status,Yes,Individualize therapy,Antidiabetic prescribing information
Methotrexate,NSAIDs,Major,Pharmacokinetic,Potential reduction in methotrexate clearance,Increased methotrexate toxicity,Use only with appropriate clinical monitoring,CBC and renal function,Yes,Consider alternative analgesic,Methotrexate prescribing information
Methotrexate,Omeprazole,Moderate,Pharmacokinetic,PPI therapy may reduce methotrexate clearance particularly at high doses,Potential methotrexate toxicity,Consider interaction according to methotrexate dose and monitor,Drug labeling,Context dependent,Review therapy and consider a suitable alternative when appropriate,FDA/approved product labeling; standard clinical pharmacology references
Methotrexate,Trimethoprim,Major,Pharmacodynamic,Additive antifolate and bone-marrow effects,Severe myelosuppression and toxicity,Avoid combination unless specifically justified,CBC and clinical toxicity,Yes,Consider alternative antibiotic,Methotrexate prescribing information
Methotrexate,Trimethoprim-sulfamethoxazole,Major,Pharmacodynamic,Additive antifolate and marrow-suppressive effects,Severe myelosuppression and toxicity,Avoid combination when possible,Drug labeling / Goodman & Gilman's,Context dependent,Review therapy and consider a suitable alternative when appropriate,FDA/approved product labeling; standard clinical pharmacology references
Warfarin,Metronidazole,Major,Pharmacokinetic,Can increase warfarin effect,Marked INR elevation and bleeding risk,Avoid or closely monitor with dose adjustment,INR,Yes,Select alternative when appropriate,Warfarin prescribing information
Warfarin,Naproxen,Major,Pharmacodynamic,NSAID platelet and GI effects combined with anticoagulation,Increased bleeding risk,Avoid combination when possible,Drug labeling / Goodman & Gilman's,Context dependent,Review therapy and consider a suitable alternative when appropriate,FDA/approved product labeling; standard clinical pharmacology references
Sildenafil,Nitroglycerin,Contraindicated,Pharmacodynamic,Additive nitric oxide-mediated vasodilation,Severe hypotension and cardiovascular compromise,Do not use together,Blood pressure and clinical status,Not simply dose dependent,Use alternative antianginal strategy,Sildenafil prescribing information
Warfarin,Paracetamol,Moderate,Pharmacodynamic,Repeated high-dose paracetamol may increase anticoagulant response,Elevated INR and bleeding risk,Use lowest effective dose and monitor INR with repeated use,INR,Yes,Use appropriate alternative when suitable,Warfarin prescribing information
Warfarin,Prednisolone,Moderate,Pharmacodynamic,Possible alteration of anticoagulant response,Changes in INR and bleeding risk,Monitor INR when starting or stopping corticosteroid,Drug labeling / Goodman & Gilman's,Context dependent,Review therapy and consider a suitable alternative when appropriate,FDA/approved product labeling; standard clinical pharmacology references
Ramipril,Spironolactone,Major,Pharmacodynamic,Additive potassium retention,Hyperkalemia and renal impairment risk,Monitor potassium and renal function closely,Potassium and renal function,Yes,Individualize therapy,Spironolactone prescribing information
Warfarin,Rifampicin,Major,Pharmacokinetic,Enzyme induction increases warfarin metabolism,Reduced anticoagulant effect and thrombosis risk,Close INR monitoring and dose adjustment,INR,Yes,Consider alternative antimicrobial when appropriate,Warfarin prescribing information
Salbutamol,Theophylline,Moderate,Pharmacodynamic,Additive sympathomimetic and cardiac effects,Tachycardia tremor and hypokalemia,Monitor cardiovascular status and electrolytes,Drug labeling,Context dependent,Review therapy and consider a suitable alternative when appropriate,FDA/approved product labeling; standard clinical pharmacology references
Trimethoprim-sulfamethoxazole,Spironolactone,Major,Pharmacodynamic,Trimethoprim reduces renal potassium excretion and spironolactone retains potassium,Severe hyperkalemia risk,Use cautiously and monitor potassium closely,Drug labeling,Context dependent,Review therapy and consider a suitable alternative when appropriate,FDA/approved product labeling; standard clinical pharmacology references
Warfarin,Trimethoprim,Major,Pharmacokinetic,Can increase anticoagulant response,Increased INR and bleeding risk,Monitor INR closely,INR and bleeding signs,Yes,Consider alternative antibiotic,Warfarin prescribing information
Warfarin,Trimethoprim-sulfamethoxazole,Major,Pharmacokinetic/Pharmacodynamic,Altered warfarin metabolism and reduced vitamin K activity,Marked INR elevation and bleeding risk,Avoid when alternatives exist or monitor INR very closely,Drug labeling / Goodman & Gilman's,Context dependent,Review therapy and consider a suitable alternative when appropriate,FDA/approved product labeling; standard clinical pharmacology references
Warfarin,Amiodarone,Major,Pharmacokinetic,Amiodarone can inhibit warfarin metabolism and increase anticoagulant response,Marked INR elevation and bleeding risk,Monitor INR closely and adjust warfarin as appropriate,INR and bleeding signs,Yes,Use an alternative antiarrhythmic when clinically appropriate,FDA/approved product labeling
Warfarin,Phenytoin,Major,Pharmacokinetic/Pharmacodynamic,Bidirectional effects can alter both phenytoin exposure and anticoagulation,Changes in INR and phenytoin toxicity or loss of control,Monitor INR and phenytoin response closely,INR and phenytoin level when indicated,Yes,Consider alternative anticonvulsant when appropriate,FDA/approved product labeling
Warfarin,Carbamazepine,Major,Pharmacokinetic,CYP induction can increase warfarin metabolism,Reduced anticoagulant effect and thrombosis risk,Monitor INR closely and adjust warfarin,INR,Yes,Consider alternative anticonvulsant,FDA/approved product labeling
Warfarin,Phenobarbital,Major,Pharmacokinetic,Enzyme induction can increase warfarin metabolism,Reduced anticoagulant effect,Close INR monitoring and dose adjustment,INR,Yes,Consider alternative anticonvulsant,FDA/approved product labeling
Warfarin,Valproic Acid,Major,Pharmacodynamic/Pharmacokinetic,Valproate can affect platelet function and alter warfarin response,Bleeding risk and INR changes,Monitor INR and bleeding closely,INR and bleeding signs,Yes,Consider alternative anticonvulsant,FDA/approved product labeling
Apixaban,Ketoconazole,Major,Pharmacokinetic,Strong CYP3A4/P-gp inhibition increases apixaban exposure,Increased bleeding risk,Follow product-specific dose recommendations or avoid when appropriate,Bleeding signs and renal/hepatic status,Yes,Use alternative antifungal or anticoagulant when appropriate,FDA/approved product labeling
Rivaroxaban,Ketoconazole,Major,Pharmacokinetic,Strong CYP3A4/P-gp inhibition increases rivaroxaban exposure,Increased bleeding risk,Avoid strong dual inhibitors when possible,Bleeding signs,Yes,Use alternative antifungal/anticoagulant,FDA/approved product labeling
Dabigatran,Ketoconazole,Major,Pharmacokinetic,Strong P-gp inhibition increases dabigatran exposure,Increased bleeding risk,Avoid or follow product-specific restrictions,Bleeding signs and renal function,Yes,Use alternative antifungal when appropriate,FDA/approved product labeling
Ticagrelor,Aspirin,Moderate,Pharmacodynamic,Combined platelet inhibition increases bleeding risk,Increased bleeding risk,Use aspirin only within the recommended maintenance dose range,Bleeding signs,Yes,Follow antiplatelet regimen specified by indication,FDA/approved product labeling
Ticagrelor,Simvastatin,Moderate,Pharmacokinetic,Ticagrelor can increase simvastatin exposure,Increased statin adverse effects,Observe statin dose restrictions and monitor,Muscle symptoms,Yes,Consider alternative statin,FDA/approved product labeling
Ticagrelor,Atorvastatin,Moderate,Pharmacokinetic,Ticagrelor can increase atorvastatin exposure,Potential myopathy risk,Use clinically appropriate statin dose and monitor,Muscle symptoms,Yes,Consider alternative statin if needed,FDA/approved product labeling
Prasugrel,Aspirin,Major,Pharmacodynamic,Additive platelet inhibition,Increased bleeding risk,Use together only when dual antiplatelet therapy is indicated,Bleeding signs,Yes,Follow indication-specific regimen,FDA/approved product labeling
Dipyridamole,Aspirin,Moderate,Pharmacodynamic,Additive antiplatelet effects,Increased bleeding risk,Use when clinically indicated and monitor,Bleeding signs,Yes,Individualize antiplatelet regimen,FDA/approved product labeling
Cilostazol,Aspirin,Moderate,Pharmacodynamic,Additive antiplatelet effects,Increased bleeding risk,Monitor when combination is necessary,Bleeding signs,Yes,Individualize antiplatelet regimen,FDA/approved product labeling
Cilostazol,Clopidogrel,Moderate,Pharmacodynamic,Additive platelet inhibition,Increased bleeding risk,Use only when clinically justified,Bleeding signs,Yes,Review antiplatelet strategy,FDA/approved product labeling
Enoxaparin,Aspirin,Major,Pharmacodynamic,Additive anticoagulant and antiplatelet effects,Increased bleeding risk,Use only when indicated and monitor,Bleeding signs and CBC,Yes,Review antithrombotic regimen,FDA/approved product labeling
Enoxaparin,Clopidogrel,Major,Pharmacodynamic,Additive antithrombotic effects,Increased bleeding risk,Use only when clinically indicated,Bleeding signs and CBC,Yes,Review antithrombotic regimen,FDA/approved product labeling
Tranexamic Acid,Warfarin,Moderate,Pharmacodynamic,Antifibrinolytic effect may oppose anticoagulation depending on indication,Altered thrombosis/bleeding balance,Use only for a clear indication with specialist oversight,Bleeding/thrombotic status,Yes,Consider alternative hemostatic strategy,FDA/approved product labeling
Lisinopril,Potassium chloride,Major,Pharmacodynamic,ACE inhibition reduces aldosterone-mediated potassium excretion,Hyperkalemia,Monitor potassium and renal function,Potassium and renal function,Yes,Use alternative potassium strategy,FDA/approved product labeling
Losartan,Potassium chloride,Major,Pharmacodynamic,ARB therapy can increase potassium retention,Hyperkalemia,Monitor potassium and renal function,Potassium and renal function,Yes,Review potassium supplementation,FDA/approved product labeling
Ramipril,Potassium chloride,Major,Pharmacodynamic,ACE inhibition increases potassium retention,Hyperkalemia,Monitor potassium and renal function,Potassium and renal function,Yes,Review potassium supplementation,FDA/approved product labeling
Spironolactone,Potassium chloride,Major,Pharmacodynamic,Both increase serum potassium,Severe hyperkalemia,Avoid routine combination unless specifically indicated,Potassium and renal function,Yes,Avoid unnecessary potassium supplementation,FDA/approved product labeling
Eplerenone,Potassium chloride,Major,Pharmacodynamic,Potassium-sparing mineralocorticoid receptor blockade increases potassium,Hyperkalemia,Avoid unnecessary potassium supplementation and monitor,Potassium and renal function,Yes,Review potassium therapy,FDA/approved product labeling
Amiloride,Potassium chloride,Major,Pharmacodynamic,Potassium-sparing diuretic reduces potassium excretion,Severe hyperkalemia,Avoid routine combination,Potassium and renal function,Yes,Use non-potassium-sparing strategy when appropriate,FDA/approved product labeling
Triamterene,Potassium chloride,Major,Pharmacodynamic,Potassium-sparing effect increases serum potassium,Hyperkalemia,Avoid routine combination and monitor,Potassium and renal function,Yes,Review potassium supplementation,FDA/approved product labeling
Eplerenone,Trimethoprim-sulfamethoxazole,Major,Pharmacodynamic,Additive potassium retention,Hyperkalemia,Avoid when possible and monitor,Potassium and renal function,Yes,Consider alternative antibiotic,FDA/approved product labeling
Digoxin,Diltiazem,Moderate,Pharmacokinetic,Diltiazem can increase digoxin exposure,Digoxin toxicity risk,Monitor digoxin and clinical response,Digoxin level and ECG,Yes,Adjust therapy if needed,FDA/approved product labeling
Amiodarone,Simvastatin,Major,Pharmacokinetic,Amiodarone increases simvastatin exposure,Myopathy and rhabdomyolysis risk,Observe product-specific simvastatin dose limit,Muscle symptoms,Yes,Use alternative statin,FDA/approved product labeling
Amiodarone,Atorvastatin,Moderate,Pharmacokinetic,Amiodarone may increase statin exposure,Myopathy risk,Monitor for muscle toxicity,Muscle symptoms,Yes,Consider alternative statin,FDA/approved product labeling
Amiodarone,Metoprolol,Moderate,Pharmacodynamic,Additive effects on heart rate and AV conduction,Bradycardia and conduction disturbance,Monitor heart rate and ECG,Heart rate and ECG,Yes,Adjust rate-control therapy,FDA/approved product labeling
Amiodarone,Propranolol,Moderate,Pharmacodynamic,Additive AV nodal and sinus-node suppression,Bradycardia and hypotension,Monitor cardiovascular status,Heart rate and BP,Yes,Adjust beta-blocker therapy,FDA/approved product labeling
Amiodarone,Diltiazem,Major,Pharmacodynamic,Additive AV nodal suppression,"Bradycardia, hypotension and heart block",Use cautiously and monitor,"Heart rate, BP and ECG",Yes,Alternative rate-control strategy,FDA/approved product labeling
Amiodarone,Sotalol,Major,Pharmacodynamic,Additive QT prolongation and antiarrhythmic effects,Torsades de pointes and ventricular arrhythmia,Avoid routine combination,ECG and electrolytes,Yes,Use alternative antiarrhythmic,FDA/approved product labeling
Sotalol,Diltiazem,Major,Pharmacodynamic,Additive AV nodal suppression,Bradycardia and heart block,Use cautiously or avoid depending on indication,ECG and heart rate,Yes,Alternative rate-control strategy,FDA/approved product labeling
Sotalol,Metoprolol,Major,Pharmacodynamic,Additive beta-blockade,Bradycardia and hypotension,Avoid unnecessary dual beta blockade,Heart rate and BP,Yes,Use one appropriate beta blocker,FDA/approved product labeling
Sotalol,Hydrochlorothiazide,Major,Pharmacodynamic,Thiazide-induced hypokalemia increases sotalol proarrhythmic risk,QT prolongation and torsades risk,Monitor electrolytes and ECG,"ECG, potassium and magnesium",Yes,Correct electrolytes or use alternative,FDA/approved product labeling
Atenolol,Verapamil,Major,Pharmacodynamic,Additive AV nodal blockade,Bradycardia and heart block,Avoid routine combination or monitor closely,Heart rate and ECG,Yes,Alternative antihypertensive/rate-control strategy,FDA/approved product labeling
Metoprolol,Verapamil,Major,Pharmacodynamic,Additive AV nodal suppression,Bradycardia and heart block,Avoid routine combination or monitor closely,Heart rate and ECG,Yes,Alternative rate-control strategy,FDA/approved product labeling
Propranolol,Verapamil,Major,Pharmacodynamic,Additive AV nodal blockade,Bradycardia and hypotension,Use cautiously with monitoring,Heart rate and BP,Yes,Alternative therapy,FDA/approved product labeling
Nitroglycerin,Tadalafil,Contraindicated,Pharmacodynamic,Additive nitric oxide/cGMP-mediated vasodilation,Severe hypotension and cardiovascular compromise,Do not use together,Blood pressure and clinical status,Yes,Use alternative antianginal strategy,FDA/approved product labeling
Isosorbide Mononitrate,Sildenafil,Contraindicated,Pharmacodynamic,Additive vasodilation through nitric oxide/cGMP pathway,Severe hypotension,Do not use together,Blood pressure and clinical status,Yes,Use alternative erectile dysfunction/antianginal strategy,FDA/approved product labeling
Isosorbide Dinitrate,Tadalafil,Contraindicated,Pharmacodynamic,Additive vasodilation through nitric oxide/cGMP pathway,Severe hypotension,Do not use together,Blood pressure and clinical status,Yes,Use alternative strategy,FDA/approved product labeling
Sildenafil,Tamsulosin,Moderate,Pharmacodynamic,Additive vasodilatory effects,Hypotension and dizziness,Start cautiously and monitor BP,Blood pressure,Yes,Adjust alpha-blocker/PDE5 strategy,FDA/approved product labeling
Tadalafil,Tamsulosin,Moderate,Pharmacodynamic,Additive vasodilation,Hypotension and dizziness,Monitor BP and symptoms,Blood pressure,Yes,Individualize therapy,FDA/approved product labeling
Ranolazine,Simvastatin,Moderate,Pharmacokinetic,Ranolazine can increase simvastatin exposure,Myopathy risk,Use product-specific statin dose limits,Muscle symptoms,Yes,Alternative statin,FDA/approved product labeling
Diltiazem,Simvastatin,Major,Pharmacokinetic,CYP3A4 inhibition increases simvastatin exposure,Myopathy and rhabdomyolysis risk,Limit simvastatin dose or use alternative statin,Muscle symptoms,Yes,Use pravastatin/rosuvastatin when appropriate,FDA/approved product labeling
Diltiazem,Atorvastatin,Moderate,Pharmacokinetic,CYP3A4 inhibition can increase atorvastatin exposure,Myopathy risk,Monitor and use appropriate statin dose,Muscle symptoms,Yes,Consider alternative statin,FDA/approved product labeling
Clarithromycin,Diltiazem,Major,Pharmacokinetic,CYP3A4 inhibition increases diltiazem exposure,Hypotension and bradycardia,Monitor closely or use alternative antibiotic,BP and heart rate,Yes,Alternative antibiotic,FDA/approved product labeling
Clarithromycin,Amlodipine,Moderate,Pharmacokinetic,CYP3A4 inhibition may increase calcium-channel blocker exposure,Hypotension and edema,Monitor BP and adverse effects,BP and edema,Yes,Alternative antibiotic,FDA/approved product labeling
Clarithromycin,Felodipine,Major,Pharmacokinetic,CYP3A4 inhibition increases felodipine exposure,Hypotension and edema,Avoid or monitor closely,BP,Yes,Alternative antibiotic,FDA/approved product labeling
Metformin,Furosemide,Moderate,Pharmacokinetic,Diuretic-related renal changes can increase metformin exposure in susceptible patients,Lactic acidosis risk if renal function deteriorates,Monitor renal function,Renal function,Yes,Individualize therapy,FDA/approved product labeling
Metformin,Prednisolone,Moderate,Pharmacodynamic,Corticosteroids can oppose glucose-lowering effects,Hyperglycemia,Monitor glucose and adjust antidiabetic therapy,Blood glucose,Yes,Adjust diabetes regimen,FDA/approved product labeling
Metformin,Dexamethasone,Moderate,Pharmacodynamic,Corticosteroid-induced hyperglycemia can reduce glycemic control,Hyperglycemia,Monitor glucose,Blood glucose,Yes,Adjust diabetes therapy,FDA/approved product labeling
Insulin,Prednisolone,Moderate,Pharmacodynamic,Corticosteroids increase glucose production and insulin requirements,Hyperglycemia,Monitor glucose and adjust insulin,Blood glucose,Yes,Adjust insulin regimen,FDA/approved product labeling
Insulin,Propranolol,Moderate,Pharmacodynamic,Beta blockade can mask adrenergic symptoms of hypoglycemia,Delayed recognition of hypoglycemia,Educate and monitor glucose closely,Blood glucose and symptoms,Yes,Use alternative beta blocker if appropriate,FDA/approved product labeling
Insulin,Metoprolol,Moderate,Pharmacodynamic,Beta blockade can mask hypoglycemia symptoms,Delayed recognition of hypoglycemia,Monitor glucose closely,Blood glucose,Yes,Individualize beta-blocker choice,FDA/approved product labeling
Glimepiride,Propranolol,Moderate,Pharmacodynamic,Beta blockade may mask hypoglycemia symptoms and prolong recovery,Hypoglycemia may be harder to recognize,Monitor glucose closely,Blood glucose,Yes,Use alternative if appropriate,FDA/approved product labeling
Glimepiride,Metoprolol,Moderate,Pharmacodynamic,Beta blockade can mask hypoglycemia symptoms,Delayed recognition of hypoglycemia,Monitor glucose,Blood glucose,Yes,Individualize therapy,FDA/approved product labeling
Repaglinide,Gemfibrozil,Major,Pharmacokinetic,Gemfibrozil markedly increases repaglinide exposure,Severe prolonged hypoglycemia,Avoid combination,Blood glucose,Yes,Use alternative lipid-lowering therapy,FDA/approved product labeling
Repaglinide,Clopidogrel,Major,Pharmacokinetic,Clopidogrel can inhibit repaglinide metabolism,Hypoglycemia,Avoid combination when possible,Blood glucose,Yes,Use alternative antiplatelet/antidiabetic strategy,FDA/approved product labeling
Saxagliptin,Insulin,Moderate,Pharmacodynamic,Additive glucose lowering,Hypoglycemia,Monitor glucose,Blood glucose,Yes,Individualize regimen,FDA/approved product labeling
Dapagliflozin,Insulin,Moderate,Pharmacodynamic,Additive glucose lowering,Hypoglycemia risk,Monitor glucose and adjust insulin when appropriate,Blood glucose,Yes,Individualize therapy,FDA/approved product labeling
Empagliflozin,Insulin,Moderate,Pharmacodynamic,Additive glucose lowering,Hypoglycemia risk,Monitor glucose and adjust insulin,Blood glucose,Yes,Individualize therapy,FDA/approved product labeling
Canagliflozin,Insulin,Moderate,Pharmacodynamic,Additive glucose lowering,Hypoglycemia risk,Monitor glucose and adjust insulin,Blood glucose,Yes,Individualize therapy,FDA/approved product labeling
Pioglitazone,Insulin,Major,Pharmacodynamic,Additive glucose lowering with fluid-retaining effects,Hypoglycemia and edema/heart-failure risk,Monitor glucose and fluid status,Blood glucose and edema,Yes,Review insulin/pioglitazone regimen,FDA/approved product labeling
Pioglitazone,Gemfibrozil,Moderate,Pharmacokinetic,CYP2C8 inhibition can increase pioglitazone exposure,Increased adverse effects,Consider dose adjustment and monitor,Glucose and adverse effects,Yes,Alternative lipid-lowering therapy,FDA/approved product labeling
Levothyroxine,Calcium carbonate,Moderate,Pharmacokinetic,Calcium binds levothyroxine and reduces absorption,Reduced thyroid hormone effect,Separate administration by at least 4 hours,TSH and thyroid function,Yes,Separate doses,FDA/approved product labeling
Levothyroxine,Ferrous sulfate,Moderate,Pharmacokinetic,Iron forms a complex with levothyroxine and reduces absorption,Reduced thyroid hormone effect,Separate administration by at least 4 hours,TSH,Yes,Separate doses,FDA/approved product labeling
Levothyroxine,Sucralfate,Moderate,Pharmacokinetic,Sucralfate reduces gastrointestinal absorption,Reduced thyroid hormone effect,Separate administration and monitor TSH,TSH,Yes,Separate doses,FDA/approved product labeling
Levothyroxine,Aluminium hydroxide,Moderate,Pharmacokinetic,Antacid can reduce levothyroxine absorption,Reduced thyroid hormone effect,Separate administration,TSH,Yes,Separate doses,FDA/approved product labeling
Levothyroxine,Magnesium hydroxide,Moderate,Pharmacokinetic,Antacid can reduce levothyroxine absorption,Reduced thyroid hormone effect,Separate administration,TSH,Yes,Separate doses,FDA/approved product labeling
Methimazole,Warfarin,Moderate,Pharmacodynamic,Changes in thyroid status can alter warfarin response,INR changes,Monitor INR with thyroid-status changes,INR,Yes,Adjust anticoagulation as needed,FDA/approved product labeling
Tramadol,Sertraline,Major,Pharmacodynamic,Serotonergic activity is additive,Serotonin syndrome and seizures,Avoid unnecessary combination or monitor closely,"Mental status, autonomic signs and seizures",Yes,Use non-serotonergic analgesic,FDA/approved product labeling
Tramadol,Fluoxetine,Major,Pharmacodynamic/Pharmacokinetic,Additive serotonergic activity and CYP2D6 inhibition,Serotonin syndrome and altered analgesia,Avoid when possible,Mental status and adverse effects,Yes,Use alternative analgesic,FDA/approved product labeling
Tramadol,Paroxetine,Major,Pharmacodynamic/Pharmacokinetic,Additive serotonergic activity and CYP2D6 inhibition,Serotonin syndrome and reduced analgesic response,Avoid when possible,Mental status and adverse effects,Yes,Use alternative analgesic,FDA/approved product labeling
Tramadol,Venlafaxine,Major,Pharmacodynamic,Additive serotonergic effects,Serotonin syndrome and seizures,Avoid unnecessary combination,Mental status and neurologic signs,Yes,Use alternative analgesic,FDA/approved product labeling
Tramadol,Duloxetine,Major,Pharmacodynamic,Additive serotonergic effects,Serotonin syndrome,Avoid when possible,Mental status and autonomic signs,Yes,Use alternative analgesic,FDA/approved product labeling
Tramadol,Amitriptyline,Major,Pharmacodynamic,Additive serotonergic and CNS effects,Serotonin syndrome and CNS depression,Use cautiously or avoid when possible,Mental status and respiratory status,Yes,Alternative analgesic,FDA/approved product labeling
Tramadol,Bupropion,Major,Pharmacokinetic/Pharmacodynamic,Bupropion inhibits CYP2D6 and lowers seizure threshold,Reduced tramadol activation and increased seizure risk,Avoid when possible,Seizures and analgesic response,Yes,Alternative analgesic,FDA/approved product labeling
Linezolid,Sertraline,Major,Pharmacodynamic,MAO inhibition plus serotonergic therapy,Serotonin syndrome,Avoid when feasible and follow product guidance,Mental status and autonomic signs,Yes,Alternative antibiotic/antidepressant,FDA/approved product labeling
Linezolid,Fluoxetine,Major,Pharmacodynamic,MAO inhibition plus serotonergic therapy,Serotonin syndrome,Avoid when feasible and follow product guidance,Mental status and autonomic signs,Yes,Alternative antibiotic/antidepressant,FDA/approved product labeling
Linezolid,Venlafaxine,Major,Pharmacodynamic,MAO inhibition plus serotonergic therapy,Serotonin syndrome,Avoid when feasible,Mental status and autonomic signs,Yes,Alternative antibiotic,FDA/approved product labeling
Linezolid,Tramadol,Major,Pharmacodynamic,MAO inhibition plus serotonergic activity,Serotonin syndrome and seizures,Avoid combination,Mental status and neurologic signs,Yes,Alternative analgesic,FDA/approved product labeling
Fluoxetine,Amitriptyline,Major,Pharmacokinetic,CYP2D6 inhibition increases tricyclic exposure,TCA toxicity and cardiac/CNS effects,Avoid or use lower dose with monitoring,ECG and adverse effects,Yes,Alternative antidepressant,FDA/approved product labeling
Paroxetine,Amitriptyline,Major,Pharmacokinetic,CYP2D6 inhibition can increase TCA exposure,TCA toxicity,Monitor closely or use alternative,ECG and adverse effects,Yes,Alternative antidepressant,FDA/approved product labeling
Diazepam,Morphine,Major,Pharmacodynamic,Additive CNS and respiratory depression,"Profound sedation, respiratory depression and death",Avoid when possible; if necessary use lowest effective doses with close monitoring,"Respiratory rate, oxygenation and sedation",Yes,Non-sedating alternative when appropriate,FDA/approved product labeling
Lorazepam,Morphine,Major,Pharmacodynamic,Additive CNS and respiratory depression,Profound sedation and respiratory depression,Avoid unnecessary combination and monitor closely,Respiratory status and sedation,Yes,Alternative anxiolytic/analgesic,FDA/approved product labeling
Alprazolam,Oxycodone,Major,Pharmacodynamic,Additive CNS and respiratory depression,Respiratory depression and excessive sedation,Avoid when possible,Respiratory status and sedation,Yes,Alternative anxiolytic/analgesic,FDA/approved product labeling
Clonazepam,Fentanyl,Major,Pharmacodynamic,Additive CNS and respiratory depression,Respiratory depression and profound sedation,Avoid unnecessary combination,Respiratory status and sedation,Yes,Alternative anxiolytic/analgesic,FDA/approved product labeling
Gabapentin,Morphine,Major,Pharmacodynamic,Additive CNS and respiratory depressant effects,Respiratory depression and sedation,Use cautiously and monitor,Respiratory status and sedation,Yes,Reduce sedative burden when possible,FDA/approved product labeling
Pregabalin,Oxycodone,Major,Pharmacodynamic,Additive CNS and respiratory depression,Respiratory depression and sedation,Use cautiously and monitor,Respiratory status and sedation,Yes,Reduce sedative burden,FDA/approved product labeling
Diphenhydramine,Diazepam,Moderate,Pharmacodynamic,Additive sedative and anticholinergic effects,Excess sedation and impaired coordination,Avoid unnecessary combination,Mental status and sedation,Yes,Use non-sedating alternative,FDA/approved product labeling
Promethazine,Morphine,Major,Pharmacodynamic,Additive CNS depression,Excess sedation and respiratory depression,Use only with close monitoring,Respiratory status and sedation,Yes,Alternative antiemetic,FDA/approved product labeling
Haloperidol,Amiodarone,Major,Pharmacodynamic,Additive QT prolongation,Torsades de pointes and ventricular arrhythmia,Avoid when possible,ECG and electrolytes,Yes,Alternative antipsychotic/antiarrhythmic,FDA/approved product labeling
Haloperidol,Sotalol,Major,Pharmacodynamic,Additive QT prolongation,Torsades de pointes,Avoid combination when possible,ECG and electrolytes,Yes,Alternative therapy,FDA/approved product labeling
Quetiapine,Clarithromycin,Major,Pharmacokinetic,CYP3A4 inhibition can increase quetiapine exposure,Excess sedation and adverse effects,Avoid or follow product-specific dose guidance,Mental status and adverse effects,Yes,Alternative antibiotic,FDA/approved product labeling
Quetiapine,Ketoconazole,Major,Pharmacokinetic,Strong CYP3A4 inhibition increases quetiapine exposure,Marked sedation and toxicity,Avoid combination,Mental status and adverse effects,Yes,Alternative antifungal,FDA/approved product labeling
Carbamazepine,Clarithromycin,Major,Pharmacokinetic,CYP3A4 inhibition markedly increases carbamazepine exposure,Carbamazepine toxicity,Avoid or monitor closely with dose adjustment,Carbamazepine level and neurologic status,Yes,Alternative antibiotic,FDA/approved product labeling
Carbamazepine,Fluconazole,Major,Pharmacokinetic,CYP inhibition can increase carbamazepine exposure,Carbamazepine toxicity,Monitor levels and clinical status,Carbamazepine level,Yes,Alternative antifungal,FDA/approved product labeling
Phenytoin,Fluconazole,Major,Pharmacokinetic,Fluconazole can inhibit phenytoin metabolism,Phenytoin toxicity,Monitor phenytoin concentration,Phenytoin level,Yes,Alternative antifungal,FDA/approved product labeling
Valproic Acid,Lamotrigine,Major,Pharmacokinetic,Valproate inhibits lamotrigine metabolism,Increased lamotrigine exposure and serious rash risk,Use appropriate lower lamotrigine dosing and titration,Skin and neurologic status,Yes,Follow product-specific titration,FDA/approved product labeling
Carbamazepine,Lamotrigine,Major,Pharmacokinetic,Carbamazepine induces lamotrigine metabolism,Reduced lamotrigine exposure,Adjust therapy according to product guidance,Clinical response,Yes,Individualize anticonvulsant regimen,FDA/approved product labeling
Phenytoin,Valproic Acid,Major,Pharmacokinetic,Both can alter each other’s protein binding and metabolism,Changes in free phenytoin/valproate exposure,Monitor clinical response and levels when indicated,Drug levels and neurologic status,Yes,Individualize therapy,FDA/approved product labeling
Phenobarbital,Valproic Acid,Major,Pharmacokinetic,Valproate can increase phenobarbital exposure,Sedation and toxicity,Monitor phenobarbital levels/clinical effects,Drug level and sedation,Yes,Adjust anticonvulsant therapy,FDA/approved product labeling
Theophylline,Erythromycin,Major,Pharmacokinetic,Erythromycin can reduce theophylline clearance,Increased theophylline toxicity,Monitor theophylline concentration or use alternative,Theophylline level and adverse effects,Yes,Alternative antibiotic,FDA/approved product labeling
Salbutamol,Furosemide,Moderate,Pharmacodynamic,Both can lower serum potassium,Hypokalemia and arrhythmia risk,Monitor potassium in susceptible patients,Potassium and ECG when indicated,Yes,Adjust therapy,FDA/approved product labeling
Budesonide,Ketoconazole,Moderate,Pharmacokinetic,CYP3A4 inhibition increases corticosteroid exposure,Systemic corticosteroid effects,Avoid strong inhibitors when possible or monitor,Corticosteroid adverse effects,Yes,Alternative antifungal,FDA/approved product labeling
Fluticasone,Ketoconazole,Major,Pharmacokinetic,CYP3A4 inhibition increases systemic corticosteroid exposure,Adrenal suppression and Cushingoid effects,Avoid prolonged combination when possible,Clinical signs of corticosteroid excess,Yes,Alternative antifungal,FDA/approved product labeling
Erythromycin,Simvastatin,Major,Pharmacokinetic,CYP3A4 inhibition increases simvastatin exposure,Myopathy and rhabdomyolysis,Avoid combination,Muscle symptoms,Yes,Alternative statin/antibiotic,FDA/approved product labeling
Erythromycin,Atorvastatin,Major,Pharmacokinetic,CYP3A4 inhibition increases atorvastatin exposure,Myopathy risk,Use cautiously or choose alternative,Muscle symptoms,Yes,Alternative statin/antibiotic,FDA/approved product labeling
Erythromycin,Carbamazepine,Major,Pharmacokinetic,CYP3A4 inhibition increases carbamazepine exposure,Carbamazepine toxicity,Monitor level or use alternative,Carbamazepine level,Yes,Alternative antibiotic,FDA/approved product labeling
Erythromycin,Digoxin,Major,Pharmacokinetic,Can increase digoxin exposure,Digoxin toxicity,Monitor digoxin level and clinical status,Digoxin level and ECG,Yes,Alternative antibiotic,FDA/approved product labeling
Moxifloxacin,Amiodarone,Major,Pharmacodynamic,Additive QT prolongation,Torsades and ventricular arrhythmia,Avoid when possible,ECG and electrolytes,Yes,Alternative antibiotic,FDA/approved product labeling
Moxifloxacin,Sotalol,Major,Pharmacodynamic,Additive QT prolongation,Torsades and ventricular arrhythmia,Avoid combination,ECG and electrolytes,Yes,Alternative antibiotic,FDA/approved product labeling
Levofloxacin,Amiodarone,Major,Pharmacodynamic,Additive QT prolongation,Torsades and ventricular arrhythmia,Avoid when possible,ECG and electrolytes,Yes,Alternative antibiotic,FDA/approved product labeling
Levofloxacin,Sotalol,Major,Pharmacodynamic,Additive QT prolongation,Torsades and ventricular arrhythmia,Avoid when possible,ECG and electrolytes,Yes,Alternative antibiotic,FDA/approved product labeling
Azithromycin,Amiodarone,Major,Pharmacodynamic,Additive QT prolongation,Torsades and ventricular arrhythmia,Avoid when possible,ECG and electrolytes,Yes,Alternative antibiotic,FDA/approved product labeling
Azithromycin,Sotalol,Major,Pharmacodynamic,Additive QT prolongation,Torsades and ventricular arrhythmia,Avoid when possible,ECG and electrolytes,Yes,Alternative antibiotic,FDA/approved product labeling
Fluconazole,Simvastatin,Major,Pharmacokinetic,CYP3A4 inhibition increases simvastatin exposure,Myopathy and rhabdomyolysis,Avoid combination when possible,Muscle symptoms,Yes,Alternative statin,FDA/approved product labeling
Fluconazole,Atorvastatin,Moderate,Pharmacokinetic,CYP inhibition can increase atorvastatin exposure,Myopathy risk,Monitor or use alternative,Muscle symptoms,Yes,Alternative statin,FDA/approved product labeling
Fluconazole,Tacrolimus,Major,Pharmacokinetic,CYP3A inhibition increases tacrolimus exposure,Nephrotoxicity and tacrolimus toxicity,Monitor tacrolimus concentration and renal function,Tacrolimus level and renal function,Yes,Adjust tacrolimus as appropriate,FDA/approved product labeling
Itraconazole,Simvastatin,Major,Pharmacokinetic,Strong CYP3A4 inhibition markedly increases simvastatin exposure,Myopathy and rhabdomyolysis,Avoid combination,Muscle symptoms,Yes,Alternative statin,FDA/approved product labeling
Ketoconazole,Simvastatin,Contraindicated,Pharmacokinetic,Strong CYP3A4 inhibition markedly increases simvastatin exposure,Severe myopathy and rhabdomyolysis,Do not use together,Muscle symptoms,Yes,Alternative statin,FDA/approved product labeling
Ketoconazole,Tacrolimus,Major,Pharmacokinetic,Strong CYP3A inhibition increases tacrolimus exposure,Tacrolimus toxicity and nephrotoxicity,Monitor levels closely and adjust,Tacrolimus level and renal function,Yes,Alternative antifungal,FDA/approved product labeling
Clarithromycin,Tacrolimus,Major,Pharmacokinetic,CYP3A inhibition increases tacrolimus exposure,Tacrolimus toxicity and nephrotoxicity,Avoid when possible or adjust with intensive monitoring,Tacrolimus level and renal function,Yes,Alternative antibiotic,FDA/approved product labeling
Clarithromycin,Cyclosporine,Major,Pharmacokinetic,CYP3A inhibition increases cyclosporine exposure,Nephrotoxicity and immunosuppressant toxicity,Monitor cyclosporine level and renal function,Cyclosporine level,Yes,Alternative antibiotic,FDA/approved product labeling
Azithromycin,Tacrolimus,Moderate,Pharmacokinetic,Macrolide therapy may increase tacrolimus exposure,Tacrolimus toxicity,Monitor level and renal function,Tacrolimus level,Yes,Alternative antibiotic,FDA/approved product labeling
Metronidazole,Phenytoin,Moderate,Pharmacokinetic,May increase phenytoin exposure,Phenytoin toxicity,Monitor level when combination is necessary,Phenytoin level,Yes,Alternative antimicrobial,FDA/approved product labeling
Trimethoprim,Potassium chloride,Major,Pharmacodynamic,Trimethoprim reduces renal potassium excretion,Hyperkalemia,Monitor potassium in susceptible patients,Potassium and renal function,Yes,Alternative antibiotic,FDA/approved product labeling
Doxycycline,Magnesium oxide,Moderate,Pharmacokinetic,Divalent cations chelate doxycycline and reduce absorption,Reduced antibiotic exposure,Separate administration by several hours,Clinical response,Yes,Separate doses,FDA/approved product labeling
Tetracycline,Calcium carbonate,Major,Pharmacokinetic,Calcium chelates tetracycline,Reduced antibiotic absorption,Separate administration by several hours,Clinical response,Yes,Separate doses,FDA/approved product labeling
Tetracycline,Ferrous sulfate,Major,Pharmacokinetic,Iron chelates tetracycline,Reduced antibiotic absorption,Separate administration by several hours,Clinical response,Yes,Separate doses,FDA/approved product labeling
Ciprofloxacin,Ferrous sulfate,Major,Pharmacokinetic,Iron chelates ciprofloxacin,Reduced antibiotic absorption,Separate administration according to product instructions,Clinical response,Yes,Separate doses,FDA/approved product labeling
Levofloxacin,Ferrous sulfate,Major,Pharmacokinetic,Iron reduces fluoroquinolone absorption by chelation,Reduced antibiotic exposure,Separate administration,Clinical response,Yes,Separate doses,FDA/approved product labeling
Ciprofloxacin,Magnesium oxide,Major,Pharmacokinetic,Magnesium chelates ciprofloxacin,Reduced antibiotic absorption,Separate administration,Clinical response,Yes,Separate doses,FDA/approved product labeling
Levofloxacin,Magnesium oxide,Major,Pharmacokinetic,Magnesium chelates levofloxacin,Reduced antibiotic absorption,Separate administration,Clinical response,Yes,Separate doses,FDA/approved product labeling
Moxifloxacin,Calcium carbonate,Major,Pharmacokinetic,Calcium reduces fluoroquinolone absorption,Reduced antibiotic exposure,Separate administration,Clinical response,Yes,Separate doses,FDA/approved product labeling
Ondansetron,Amiodarone,Major,Pharmacodynamic,Additive QT prolongation,Torsades and ventricular arrhythmia,Avoid or monitor closely in high-risk patients,ECG and electrolytes,Yes,Alternative antiemetic,FDA/approved product labeling
Ondansetron,Sotalol,Major,Pharmacodynamic,Additive QT prolongation,Torsades and ventricular arrhythmia,Avoid combination when possible,ECG and electrolytes,Yes,Alternative antiemetic,FDA/approved product labeling
Ondansetron,Moxifloxacin,Major,Pharmacodynamic,Additive QT prolongation,Torsades and ventricular arrhythmia,Avoid when possible,ECG and electrolytes,Yes,Alternative antiemetic,FDA/approved product labeling
Domperidone,Clarithromycin,Major,Pharmacodynamic/Pharmacokinetic,CYP3A4 inhibition and QT prolongation increase arrhythmia risk,Serious ventricular arrhythmia,Avoid combination,ECG,Yes,Alternative antiemetic,FDA/approved product labeling
Domperidone,Amiodarone,Major,Pharmacodynamic,Additive QT prolongation,Torsades and ventricular arrhythmia,Avoid combination,ECG and electrolytes,Yes,Alternative GI therapy,FDA/approved product labeling
Loperamide,Clarithromycin,Moderate,Pharmacokinetic,CYP3A4/P-gp inhibition can increase loperamide exposure,CNS/cardiac toxicity at excessive exposure,Avoid excessive doses and monitor,GI and cardiac symptoms,Yes,Alternative antidiarrheal,FDA/approved product labeling
Pantoprazole,Methotrexate,Moderate,Pharmacokinetic,PPI therapy may reduce high-dose methotrexate clearance,Potential methotrexate toxicity,Consider protocol-specific management,Methotrexate level and renal function,Yes,Alternative acid suppression,FDA/approved product labeling
Sucralfate,Phenytoin,Moderate,Pharmacokinetic,Sucralfate can reduce phenytoin absorption,Reduced phenytoin exposure,Separate administration and monitor,Phenytoin level,Yes,Separate doses,FDA/approved product labeling
Sucralfate,Digoxin,Moderate,Pharmacokinetic,Sucralfate can reduce digoxin absorption,Reduced digoxin exposure,Separate administration,Digoxin level/clinical response,Yes,Separate doses,FDA/approved product labeling
Aluminium hydroxide,Ciprofloxacin,Major,Pharmacokinetic,Aluminum chelates ciprofloxacin,Reduced antibiotic absorption,Separate administration,Clinical response,Yes,Separate doses,FDA/approved product labeling
Magnesium hydroxide,Ciprofloxacin,Major,Pharmacokinetic,Magnesium chelates ciprofloxacin,Reduced antibiotic absorption,Separate administration,Clinical response,Yes,Separate doses,FDA/approved product labeling
Calcium carbonate,Doxycycline,Moderate,Pharmacokinetic,Calcium chelates doxycycline,Reduced antibiotic absorption,Separate administration,Clinical response,Yes,Separate doses,FDA/approved product labeling
Cyclosporine,Ketoconazole,Major,Pharmacokinetic,CYP3A inhibition increases cyclosporine exposure,Nephrotoxicity and toxicity,Monitor level and renal function,Cyclosporine level and renal function,Yes,Alternative antifungal,FDA/approved product labeling
Azathioprine,Allopurinol,Major,Pharmacokinetic,Allopurinol inhibits xanthine oxidase and markedly reduces azathioprine metabolism,Severe myelosuppression,Avoid or use specialist-directed dose reduction,CBC and liver function,Yes,Alternative urate-lowering therapy,FDA/approved product labeling
Azathioprine,Febuxostat,Contraindicated,Pharmacokinetic,Xanthine oxidase inhibition can markedly increase thiopurine exposure,Severe bone-marrow suppression,Do not combine,CBC,Yes,Alternative urate-lowering therapy,FDA/approved product labeling
Colchicine,Clarithromycin,Major,Pharmacokinetic,CYP3A4/P-gp inhibition increases colchicine exposure,Life-threatening colchicine toxicity,Avoid combination when possible,"GI, neuromuscular and hematologic toxicity",Yes,Alternative antibiotic,FDA/approved product labeling
Colchicine,Cyclosporine,Major,Pharmacokinetic,P-gp/CYP3A inhibition increases colchicine exposure,Colchicine toxicity,Avoid or adjust according to product guidance,Neuromuscular and hematologic status,Yes,Alternative therapy,FDA/approved product labeling
Naproxen,Methotrexate,Major,Pharmacokinetic,NSAID may reduce methotrexate clearance,Increased methotrexate toxicity,Use cautiously and monitor,CBC and renal function,Yes,Alternative analgesic,FDA/approved product labeling
Ketorolac,Warfarin,Major,Pharmacodynamic,NSAID platelet/GI effects add to anticoagulation,Major bleeding risk,Avoid combination,Bleeding signs,Yes,Alternative analgesic,FDA/approved product labeling
Ketorolac,Aspirin,Major,Pharmacodynamic,Additive NSAID/antiplatelet effects,GI bleeding and renal toxicity,Avoid combination,GI and renal status,Yes,Alternative analgesic,FDA/approved product labeling
Indomethacin,Lithium,Major,Pharmacokinetic,NSAID reduces renal lithium clearance,Lithium toxicity,Monitor lithium closely,Lithium level and renal function,Yes,Alternative analgesic,FDA/approved product labeling
Meloxicam,Lithium,Major,Pharmacokinetic,NSAID reduces lithium clearance,Lithium toxicity,Monitor lithium,Lithium level and renal function,Yes,Alternative analgesic,FDA/approved product labeling
Celecoxib,Warfarin,Major,Pharmacodynamic/Pharmacokinetic,NSAID effects increase bleeding risk and may alter anticoagulation,Bleeding risk and INR changes,Avoid unnecessary combination and monitor INR,INR and bleeding signs,Yes,Non-NSAID analgesic,FDA/approved product labeling
Prednisolone,Aspirin,Moderate,Pharmacodynamic,Combined GI mucosal injury,GI ulceration and bleeding,Use cautiously and monitor GI symptoms,GI symptoms,Yes,Alternative anti-inflammatory strategy,FDA/approved product labeling
Dexamethasone,Aspirin,Moderate,Pharmacodynamic,Combined GI mucosal injury and bleeding risk,GI bleeding,Use cautiously,GI symptoms,Yes,Alternative anti-inflammatory strategy,FDA/approved product labeling
Methylprednisolone,Warfarin,Moderate,Pharmacodynamic,Corticosteroid therapy may alter anticoagulant response,INR changes and bleeding risk,Monitor INR with therapy changes,INR,Yes,Individualize therapy,FDA/approved product labeling
Chlorthalidone,Lithium,Major,Pharmacokinetic,Thiazide-like diuretic reduces lithium clearance,Lithium toxicity,Monitor lithium closely,Lithium level and renal function,Yes,Alternative antihypertensive,FDA/approved product labeling
Indapamide,Lithium,Major,Pharmacokinetic,Diuretic can reduce lithium clearance,Lithium toxicity,Monitor lithium,Lithium level and renal function,Yes,Alternative antihypertensive,FDA/approved product labeling
